ru,data,refeicao,refeicoes_realizadas,refeicoes_previstas
B,2026-01-05,Almoço,1161.0,1613.333333333333
B,2026-01-05,Café,136.0,326.9230769230769
B,2026-01-05,Jantar,797.0,1750.0
B,2026-01-06,Almoço,1321.0,1618.0
B,2026-01-06,Café,185.0,320.0
B,2026-01-06,Jantar,901.0,1392.0
B,2026-01-07,Almoço,1381.0,1370.0
B,2026-01-07,Café,168.0,318.00000000000006
B,2026-01-07,Jantar,948.0,1254.0
B,2026-01-08,Almoço,1282.0,1273.3333333333333
B,2026-01-08,Café,169.0,312.0
B,2026-01-08,Jantar,892.0,1484.0
B,2026-01-09,Almoço,1143.0,1353.8461538461538
B,2026-01-09,Café,202.0,410.99999999999994
B,2026-01-09,Jantar,914.0,1013.3333333333334
B,2026-01-12,Almoço,1306.0,1116.0
B,2026-01-12,Café,132.0,234.0
B,2026-01-12,Jantar,931.0,1243.0000000000002
B,2026-01-13,Almoço,1416.0,1473.7499999999998
B,2026-01-13,Café,222.0,315.0
B,2026-01-13,Jantar,906.0,1003.4782608695651
B,2026-01-14,Almoço,1417.0,1528.0
B,2026-01-14,Café,226.0,326.0
B,2026-01-14,Jantar,872.0,1284.0
B,2026-01-15,Almoço,1219.0,1200.0
B,2026-01-15,Café,206.0,296.6666666666667
B,2026-01-15,Jantar,862.0,1224.0
B,2026-01-16,Almoço,1151.0,1201.9999999999998
B,2026-01-16,Café,207.0,403.0
B,2026-01-16,Jantar,731.0,1370.0
B,2026-01-19,Almoço,958.0,1220.7692307692307
B,2026-01-19,Café,133.0,287.6923076923077
B,2026-01-19,Jantar,573.0,1136.0
B,2026-01-20,Almoço,946.0,826.0
B,2026-01-20,Café,150.0,346.99999999999994
B,2026-01-20,Jantar,606.0,870.4347826086957
B,2026-01-21,Almoço,913.0,1041.9999999999998
B,2026-01-21,Café,141.0,328.0
B,2026-01-21,Jantar,540.0,822.0
B,2026-01-22,Almoço,812.0,1118.0
B,2026-01-22,Café,124.0,248.0
B,2026-01-22,Jantar,517.0,1078.0
B,2026-01-23,Almoço,596.0,896.25
B,2026-01-23,Café,95.0,306.0
B,2026-01-23,Jantar,439.0,544.0000000000001
B,2026-01-26,Almoço,446.0,683.9999999999999
B,2026-01-26,Café,75.0,247.85714285714286
B,2026-01-26,Jantar,342.0,775.0
B,2026-01-27,Almoço,380.0,874.0
B,2026-01-27,Café,55.0,312.0
B,2026-01-27,Jantar,322.0,573.3333333333335
B,2026-01-28,Almoço,446.0,499.99999999999994
B,2026-01-28,Café,86.0,262.0
B,2026-01-28,Jantar,344.0,544.0000000000001
B,2026-01-29,Almoço,444.0,637.5
B,2026-01-29,Café,84.0,160.0
B,2026-01-29,Jantar,322.0,550.0
B,2026-01-30,Almoço,224.0,572.0
B,2026-01-30,Café,86.0,243.57142857142858
B,2026-01-30,Jantar,154.0,552.0
B,2026-02-02,Almoço,280.0,492.0
B,2026-02-02,Café,58.0,196.92307692307693
B,2026-02-02,Jantar,189.0,426.0
B,2026-02-03,Almoço,283.0,443.99999999999994
B,2026-02-03,Café,78.0,218.00000000000003
B,2026-02-03,Jantar,208.0,276.52173913043475
B,2026-02-04,Almoço,298.0,425.99999999999994
B,2026-02-04,Café,81.0,222.66666666666666
B,2026-02-04,Jantar,180.0,470.0
B,2026-02-05,Almoço,219.0,453.0
B,2026-02-05,Café,71.0,157.33333333333334
B,2026-02-05,Jantar,172.0,612.0
B,2026-02-06,Almoço,312.0,504.00000000000006
B,2026-02-06,Café,104.0,269.00000000000006
B,2026-02-06,Jantar,209.0,357.9999999999999
B,2026-02-09,Almoço,276.0,371.99999999999994
B,2026-02-09,Café,75.0,300.0
B,2026-02-09,Jantar,222.0,472.0
B,2026-02-10,Almoço,306.0,384.99999999999994
B,2026-02-10,Café,93.0,263.0
B,2026-02-10,Jantar,234.0,293.0769230769231
B,2026-02-11,Almoço,340.0,354.0
B,2026-02-11,Café,94.0,230.0
B,2026-02-11,Jantar,234.0,340.0
B,2026-02-12,Almoço,289.0,354.0
B,2026-02-12,Café,91.0,226.0
B,2026-02-12,Jantar,188.0,314.0
B,2026-02-13,Almoço,235.0,386.6666666666667
B,2026-02-13,Café,69.0,268.0
B,2026-02-13,Jantar,140.0,390.00000000000006
B,2026-02-19,Almoço,245.0,324.16666666666674
B,2026-02-19,Café,60.0,194.66666666666666
B,2026-02-19,Jantar,195.0,412.0
B,2026-02-20,Almoço,285.0,210.0
B,2026-02-20,Café,81.0,224.0
B,2026-02-20,Jantar,200.0,438.0
B,2026-02-23,Almoço,381.0,418.4615384615385
B,2026-02-23,Café,82.0,215.3846153846154
B,2026-02-23,Jantar,242.0,392.5000000000001
B,2026-02-24,Almoço,375.0,605.0
B,2026-02-24,Café,113.0,233.0
B,2026-02-24,Jantar,273.0,250.0
B,2026-02-25,Almoço,390.0,408.0
B,2026-02-25,Café,109.0,266.0
B,2026-02-25,Jantar,217.0,291.53846153846155
B,2026-02-26,Almoço,350.0,576.6666666666666
B,2026-02-26,Café,116.0,220.0
B,2026-02-26,Jantar,244.0,318.00000000000006
B,2026-02-27,Almoço,321.0,453.84615384615387
B,2026-02-27,Café,107.0,244.0
B,2026-02-27,Jantar,198.0,304.8333333333333
B,2026-03-02,Almoço,1198.0,1592.4999999999995
B,2026-03-02,Café,141.0,276.0
B,2026-03-02,Jantar,856.0,1443.9999999999998
B,2026-03-03,Almoço,1479.0,1932.0
B,2026-03-03,Café,156.0,308.57142857142856
B,2026-03-03,Jantar,676.0,1650.0
B,2026-03-04,Almoço,1586.0,1348.0
B,2026-03-04,Café,173.0,332.0
B,2026-03-04,Jantar,1074.0,1200.0
B,2026-03-05,Almoço,1554.0,1759.9999999999998
B,2026-03-05,Café,154.0,327.3333333333333
B,2026-03-05,Jantar,1195.0,2473.333333333333
B,2026-03-06,Almoço,1347.0,1608.4615384615386
B,2026-03-06,Café,175.0,277.99999999999994
B,2026-03-06,Jantar,1078.0,1195.9999999999998
B,2026-03-09,Almoço,1825.0,1768.4615384615383
B,2026-03-09,Café,186.0,282.3076923076923
B,2026-03-09,Jantar,1192.0,1584.0
B,2026-03-10,Almoço,2030.0,2427.5
B,2026-03-10,Café,226.0,295.33333333333337
B,2026-03-10,Jantar,1450.0,1660.0
B,2026-03-11,Almoço,2060.0,2153.9999999999995
B,2026-03-11,Café,220.0,332.0
B,2026-03-11,Jantar,1362.0,1929.8000000000002
B,2026-03-12,Almoço,1801.0,1956.0
B,2026-03-12,Café,218.0,318.0
B,2026-03-12,Jantar,1335.0,1377.9999999999998
B,2026-03-13,Almoço,1665.0,2403.9999999999995
B,2026-03-13,Café,207.0,312.00000000000006
B,2026-03-13,Jantar,1187.0,1166.6666666666667
B,2026-03-16,Almoço,1836.0,1802.3076923076924
B,2026-03-16,Café,164.0,264.0
B,2026-03-16,Jantar,1349.0,1442.2222222222224
B,2026-03-17,Almoço,2145.0,2153.9999999999995
B,2026-03-17,Café,220.0,320.0
B,2026-03-17,Jantar,1454.0,1577.391304347826
B,2026-03-18,Almoço,1597.0,1904.0
B,2026-03-18,Café,143.0,296.0
B,2026-03-18,Jantar,1016.0,1201.9999999999998
B,2026-03-23,Almoço,1891.0,1666.6666666666667
B,2026-03-23,Café,174.0,274.0
B,2026-03-23,Jantar,1353.0,1371.0000000000002
B,2026-03-24,Almoço,2074.0,2380.0
B,2026-03-24,Café,231.0,309.0
B,2026-03-24,Jantar,1566.0,1659.1666666666667
B,2026-03-26,Almoço,2114.0,1666.6666666666667
B,2026-03-26,Café,198.0,300.6666666666667
B,2026-03-26,Jantar,1551.0,1296.9999999999998
B,2026-03-27,Almoço,1778.0,2170.0
B,2026-03-27,Café,215.0,408.0
B,2026-03-27,Jantar,1152.0,1180.0
B,2026-03-30,Almoço,1933.0,1908.0
B,2026-03-30,Café,190.0,270.0
B,2026-03-30,Jantar,1305.0,1830.0
B,2026-03-31,Almoço,1970.0,2000.0
B,2026-03-31,Café,203.0,316.6666666666667
B,2026-03-31,Jantar,1288.0,1633.3333333333333
B,2026-04-01,Almoço,1951.0,1790.0
B,2026-04-01,Café,201.0,326.0
B,2026-04-01,Jantar,1200.0,1198.0000000000002
B,2026-04-06,Almoço,1679.0,1991.5384615384612
B,2026-04-06,Café,128.0,369.2307692307692
B,2026-04-06,Jantar,1259.0,1936.0
B,2026-04-07,Almoço,1794.0,2162.5
B,2026-04-07,Café,200.0,331.3333333333333
B,2026-04-07,Jantar,1322.0,1528.3333333333333
B,2026-04-08,Almoço,1992.0,1986.0
B,2026-04-08,Café,190.0,338.0
B,2026-04-08,Jantar,1440.0,1333.3333333333333
B,2026-04-09,Almoço,1964.0,1833.3333333333333
B,2026-04-09,Café,190.0,346.6666666666667
B,2026-04-09,Jantar,1335.0,1584.0
B,2026-04-10,Almoço,1685.0,1680.0
B,2026-04-10,Café,192.0,320.0
B,2026-04-10,Jantar,1076.0,1333.3333333333333
B,2026-04-14,Almoço,1734.0,2858.0
B,2026-04-14,Café,183.0,297.0
B,2026-04-14,Jantar,1225.0,2150.0
B,2026-04-15,Almoço,2029.0,2223.9999999999995
B,2026-04-15,Café,200.0,286.0
B,2026-04-15,Jantar,1274.0,1706.0
B,2026-04-16,Almoço,1806.0,1889.1666666666672
B,2026-04-16,Café,186.0,300.0
B,2026-04-16,Jantar,1301.0,1870.6666666666663
B,2026-04-17,Almoço,1445.0,1653.8461538461538
B,2026-04-17,Café,185.0,11000.0
B,2026-04-17,Jantar,1268.0,1415.0
B,2026-04-22,Almoço,1901.0,1892.0
B,2026-04-22,Café,175.0,378.0
B,2026-04-22,Jantar,1286.0,1750.0
B,2026-04-23,Almoço,1911.0,1857.4999999999995
B,2026-04-23,Café,207.0,296.0
B,2026-04-23,Jantar,1367.0,1200.0
B,2026-04-24,Almoço,1687.0,1616.0
B,2026-04-24,Café,207.0,316.0
B,2026-04-24,Jantar,1058.0,1300.0
B,2026-04-27,Almoço,1780.0,1864.6153846153843
B,2026-04-27,Café,168.0,276.0
B,2026-04-27,Jantar,1241.0,1818.0
B,2026-04-28,Almoço,1789.0,2223.9999999999995
B,2026-04-28,Café,222.0,336.0
B,2026-04-28,Jantar,1334.0,1474.1666666666667
B,2026-04-29,Almoço,1996.0,2303.9999999999995
B,2026-04-29,Café,197.0,318.00000000000006
B,2026-04-29,Jantar,1369.0,1650.0
B,2026-04-30,Almoço,1822.0,4100.0
B,2026-04-30,Café,224.0,298.0
B,2026-04-30,Jantar,1231.0,2914.444444444444
B,2026-05-04,Almoço,1594.0,2119.230769230769
B,2026-05-04,Café,161.0,272.0
B,2026-05-04,Jantar,1169.0,1186.9999999999998
B,2026-05-05,Almoço,1491.0,2600.0
B,2026-05-05,Café,228.0,292.0
B,2026-05-05,Jantar,1221.0,1266.6666666666667
B,2026-05-06,Almoço,2197.0,1890.0
B,2026-05-06,Café,221.0,320.0
B,2026-05-06,Jantar,1143.0,1634.9999999999998
B,2026-05-07,Almoço,1949.0,4853.333333333333
B,2026-05-07,Café,221.0,330.0
B,2026-05-07,Jantar,1264.0,2135.9999999999995
B,2026-05-08,Almoço,1673.0,1914.2857142857142
B,2026-05-08,Café,207.0,336.99999999999994
B,2026-05-08,Jantar,1034.0,1000.0
B,2026-05-11,Almoço,1676.0,2142.3076923076924
B,2026-05-11,Café,148.0,262.0
B,2026-05-11,Jantar,1200.0,1552.0
B,2026-05-12,Almoço,1840.0,2578.9999999999995
B,2026-05-12,Café,211.0,320.0
B,2026-05-12,Jantar,1237.0,1614.1666666666667
B,2026-05-13,Almoço,1851.0,2641.8750000000005
B,2026-05-13,Café,202.0,318.00000000000006
B,2026-05-13,Jantar,1348.0,1450.0
B,2026-05-14,Almoço,1938.0,2039.1666666666667
B,2026-05-14,Café,214.0,270.6666666666667
B,2026-05-14,Jantar,1298.0,2150.0000000000005
B,2026-05-15,Almoço,1518.0,1737.5
B,2026-05-15,Café,200.0,322.00000000000006
B,2026-05-15,Jantar,1153.0,1201.9999999999998
B,2026-05-18,Almoço,1592.0,1653.8461538461538
B,2026-05-18,Café,167.0,270.0
B,2026-05-18,Jantar,1253.0,1000.0
B,2026-05-19,Almoço,1823.0,2352.0
B,2026-05-19,Café,205.0,266.0
B,2026-05-19,Jantar,1236.0,1333.3333333333333
B,2026-05-20,Almoço,1809.0,2142.0000000000005
B,2026-05-20,Café,195.0,306.0
B,2026-05-20,Jantar,1322.0,1288.0000000000002
B,2026-05-21,Almoço,1791.0,1833.3333333333333
B,2026-05-21,Café,190.0,268.6666666666667
B,2026-05-21,Jantar,1338.0,1640.0
B,2026-05-22,Almoço,1591.0,1694.0
B,2026-05-22,Café,190.0,333.0
B,2026-05-22,Jantar,1213.0,1056.0
B,2026-05-25,Almoço,1778.0,1723.076923076923
B,2026-05-25,Café,187.0,255.3846153846154
B,2026-05-25,Jantar,1102.0,1166.6666666666667
B,2026-05-26,Almoço,2013.0,5148.000000000001
B,2026-05-26,Café,251.0,318.0
B,2026-05-26,Jantar,1362.0,1658.3333333333333
B,2026-05-27,Almoço,1945.0,1974.0
B,2026-05-27,Café,233.0,330.0
B,2026-05-27,Jantar,1352.0,1290.0
B,2026-05-28,Almoço,1831.0,1705.0
B,2026-05-28,Café,240.0,294.0
B,2026-05-28,Jantar,1273.0,1647.0
B,2026-05-29,Almoço,1433.0,1988.0
B,2026-05-29,Café,229.0,336.0
B,2026-05-29,Jantar,1097.0,1199.333333333333
B,2026-06-01,Almoço,1693.0,1532.0
B,2026-06-01,Café,190.0,270.0
B,2026-06-01,Jantar,1323.0,1266.6666666666667
B,2026-06-02,Almoço,1864.0,2547.0000000000005
B,2026-06-02,Café,220.0,301.0
B,2026-06-02,Jantar,1265.0,1462.0
B,2026-06-03,Almoço,1713.0,1792.0000000000002
B,2026-06-03,Café,203.0,320.0
B,2026-06-03,Jantar,1051.0,1301.9999999999998
B,2026-06-08,Almoço,1672.0,1943.9999999999998
B,2026-06-08,Café,186.0,278.0
B,2026-06-08,Jantar,1045.0,1280.0
B,2026-06-09,Almoço,1800.0,2080.0000000000005
B,2026-06-09,Café,236.0,348.57142857142856
B,2026-06-09,Jantar,1142.0,1410.833333333333
B,2026-06-10,Almoço,1817.0,2057.9999999999995
B,2026-06-10,Café,219.0,328.0
B,2026-06-10,Jantar,1289.0,1432.0000000000002
B,2026-06-11,Almoço,1710.0,1970.8333333333333
B,2026-06-11,Café,213.0,362.0
B,2026-06-11,Jantar,1232.0,1737.0
B,2026-06-12,Almoço,1430.0,1692.0000000000002
B,2026-06-12,Café,207.0,378.0
B,2026-06-12,Jantar,940.0,1226.0000000000002
B,2026-06-15,Almoço,1591.0,1537.6923076923076
B,2026-06-15,Café,183.0,293.84615384615387
B,2026-06-15,Jantar,1135.0,1066.0
B,2026-06-16,Almoço,1803.0,2150.0
B,2026-06-16,Café,250.0,360.7142857142857
B,2026-06-16,Jantar,1135.0,1728.0
B,2026-06-17,Almoço,1798.0,1832.0
B,2026-06-17,Café,231.0,320.0
B,2026-06-17,Jantar,1255.0,1646.0000000000002
B,2026-06-18,Almoço,1748.0,1852.5
B,2026-06-18,Café,226.0,332.0
B,2026-06-18,Jantar,1185.0,1704.0
B,2026-06-19,Almoço,1331.0,1670.0
B,2026-06-19,Café,204.0,372.0
B,2026-06-19,Jantar,560.0,891.111111111111
B,2026-06-22,Almoço,1594.0,1467.6923076923074
B,2026-06-22,Café,173.0,260.0
B,2026-06-22,Jantar,1043.0,1240.0
B,2026-06-23,Almoço,1801.0,2420.0
B,2026-06-23,Café,215.0,440.0
B,2026-06-23,Jantar,998.0,1413.3333333333335
B,2026-06-24,Almoço,1583.0,1862.0
B,2026-06-24,Café,212.0,372.0
B,2026-06-25,Almoço,1449.0,1537.5
B,2026-06-25,Café,177.0,344.91525423728814
B,2026-06-25,Jantar,981.0,1552.9999999999998
B,2026-06-26,Almoço,1315.0,1688.0
B,2026-06-26,Café,177.0,364.0
B,2026-06-26,Jantar,953.0,1196.6666666666665
B,2026-06-30,Almoço,1315.0,1488.0
B,2026-06-30,Café,180.0,333.0
B,2026-06-30,Jantar,844.0,1327.5
B,2026-07-01,Almoço,1346.0,1430.0
B,2026-07-01,Café,133.0,282.00000000000006
B,2026-07-01,Jantar,885.0,1120.0
B,2026-07-02,Almoço,1209.0,1266.6666666666667
B,2026-07-02,Café,139.0,355.08474576271186
B,2026-07-02,Jantar,787.0,1055.0
B,2026-07-03,Almoço,913.0,1422.0000000000002
B,2026-07-03,Café,156.0,314.0
B,2026-07-03,Jantar,628.0,714.0
B,2026-07-06,Almoço,742.0,1271.9999999999998
B,2026-07-06,Café,97.0,258.0
B,2026-07-06,Jantar,483.0,870.0
B,2026-07-07,Almoço,692.0,1104.4444444444441
B,2026-07-07,Café,138.0,345.7142857142857
B,2026-07-07,Jantar,520.0,570.8333333333334
B,2026-07-08,Almoço,651.0,1024.0
B,2026-07-08,Café,131.0,340.0
B,2026-07-08,Jantar,459.0,822.0
B,2026-07-09,Almoço,562.0,720.0
B,2026-07-09,Café,123.0,245.76271186440678
B,2026-07-09,Jantar,366.0,1046.2499999999998
B,2026-07-10,Almoço,528.0,632.0
B,2026-07-10,Café,124.0,394.0
B,2026-07-10,Jantar,286.0,423.0
B,2026-07-13,Almoço,407.0,553.8461538461538
B,2026-07-13,Café,64.0,225.3846153846154
B,2026-07-13,Jantar,279.0,359.99999999999994
B,2026-07-14,Almoço,398.0,535.9999999999999
B,2026-07-14,Café,100.0,240.0
B,2026-07-14,Jantar,291.0,295.0
B,2026-07-15,Almoço,309.0,540.0
B,2026-07-15,Café,107.0,184.0
B,2026-07-15,Jantar,203.0,484.00000000000006
B,2026-07-16,Almoço,309.0,593.3333333333334
B,2026-07-16,Café,104.0,202.54237288135593
B,2026-07-16,Jantar,205.0,250.0
B,2026-07-17,Almoço,297.0,498.0
B,2026-07-17,Café,84.0,194.0
B,2026-07-17,Jantar,185.0,312.5
B,2026-07-20,Almoço,271.0,686.0000000000001
B,2026-07-20,Café,70.0,200.0
B,2026-07-20,Jantar,187.0,402.50000000000006
B,2026-07-21,Almoço,315.0,645.0
B,2026-07-21,Café,91.0,214.00000000000003
B,2026-07-21,Jantar,218.0,407.50000000000006
B,2026-07-22,Almoço,354.0,686.9999999999999
B,2026-07-22,Café,104.0,168.64406779661016
B,2026-07-22,Jantar,193.0,410.0
B,2026-07-23,Almoço,304.0,513.9999999999999
B,2026-07-23,Café,89.0,191.52542372881356
B,2026-07-23,Jantar,193.0,420.5
B,2026-07-24,Almoço,290.0,432.0
B,2026-07-24,Café,95.0,226.0
B,2026-07-24,Jantar,185.0,228.25000000000003
B,2026-07-27,Almoço,260.0,423.0
B,2026-07-27,Café,61.0,160.0
B,2026-07-27,Jantar,210.0,273.5
B,2026-07-28,Almoço,270.0,348.0
B,2026-07-28,Café,71.0,400.0
B,2026-07-28,Jantar,194.0,243.07692307692307
B,2026-07-29,Almoço,329.0,613.0
B,2026-07-29,Café,77.0,200.0
B,2026-07-29,Jantar,215.0,562.0
B,2026-07-30,Almoço,287.0,372.49999999999994
B,2026-07-30,Café,80.0,195.76271186440678
B,2026-07-30,Jantar,192.0,466.4
B,2026-07-31,Almoço,302.0,601.4
B,2026-07-31,Café,78.0,222.00000000000003
B,2026-07-31,Jantar,161.0,346.6666666666667
B,2026-08-03,Almoço,301.0,568.0
B,2026-08-03,Café,68.0,144.0
B,2026-08-03,Jantar,215.0,566.9999999999999
B,2026-08-04,Almoço,338.0,483.0
B,2026-08-04,Café,81.0,254.23728813559325
B,2026-08-04,Jantar,202.0,272.3076923076923
B,2026-08-05,Almoço,346.0,514.0000000000001
B,2026-08-05,Café,92.0,232.00000000000003
B,2026-08-05,Jantar,220.0,524.0000000000001
B,2026-08-06,Almoço,331.0,501.0
B,2026-08-06,Café,83.0,237.0
B,2026-08-06,Jantar,192.0,430.0
B,2026-08-07,Almoço,346.0,604.0000000000001
B,2026-08-07,Café,93.0,152.00000000000003
B,2026-08-07,Jantar,204.0,438.0
B,2026-08-10,Almoço,1407.0,1872.0000000000007
B,2026-08-10,Café,158.0,292.0
B,2026-08-10,Jantar,944.0,1473.9999999999998
B,2026-08-11,Almoço,1416.0,1680.0
B,2026-08-11,Café,219.0,426.271186440678
B,2026-08-11,Jantar,927.0,1241.6666666666667
B,2026-08-12,Almoço,1555.0,1560.0
B,2026-08-12,Café,196.0,346.0
B,2026-08-12,Jantar,1080.0,1320.0
B,2026-08-13,Almoço,1618.0,1500.0
B,2026-08-13,Café,197.0,337.0
B,2026-08-13,Jantar,1102.0,1101.6666666666667
B,2026-08-14,Almoço,1148.0,1620.0
B,2026-08-14,Café,180.0,316.0
B,2026-08-14,Jantar,981.0,1075.2941176470586
B,2026-08-17,Almoço,1856.0,1709.2307692307695
B,2026-08-17,Café,188.0,246.0
B,2026-08-17,Jantar,1242.0,1380.0
B,2026-08-18,Almoço,1990.0,2381.0000000000005
B,2026-08-18,Café,214.0,416.1016949152542
B,2026-08-18,Jantar,1469.0,1495.0
B,2026-08-19,Almoço,1942.0,1833.3333333333333
B,2026-08-19,Café,241.0,306.0
B,2026-08-19,Jantar,1400.0,1632.0
B,2026-08-20,Almoço,2098.0,2053.3333333333335
B,2026-08-20,Café,212.0,350.0
B,2026-08-20,Jantar,1354.0,1549.0
B,2026-08-21,Almoço,1660.0,1500.0
B,2026-08-21,Café,,379.0
B,2026-08-21,Jantar,1067.0,1428.0
B,2026-08-24,Almoço,1875.0,1871.5384615384614
B,2026-08-24,Café,203.0,304.61538461538464
B,2026-08-24,Jantar,1546.0,1377.0000000000002
B,2026-08-25,Almoço,2057.0,2704.0000000000005
B,2026-08-25,Café,266.0,380.50847457627117
B,2026-08-25,Jantar,1429.0,2605.8333333333335
B,2026-08-26,Almoço,2069.0,1976.0
B,2026-08-26,Café,254.0,348.0
B,2026-08-26,Jantar,1472.0,1630.0
B,2026-08-27,Almoço,2026.0,1832.4999999999998
B,2026-08-27,Café,241.0,334.0
B,2026-08-27,Jantar,1343.0,1705.0
B,2026-08-28,Almoço,1581.0,1884.0
B,2026-08-28,Café,228.0,348.30508474576266
B,2026-08-28,Jantar,1105.0,1490.0
B,2026-08-31,Almoço,1852.0,2012.3076923076926
B,2026-08-31,Café,189.0,296.92307692307685
B,2026-08-31,Jantar,1170.0,1550.0
B,2026-09-01,Almoço,1880.0,2364.0000000000005
B,2026-09-01,Café,,400.0
B,2026-09-01,Jantar,1289.0,2464.0
B,2026-09-02,Almoço,,2000.0
B,2026-09-02,Café,,
B,2026-09-02,Jantar,,
L,2026-01-05,Almoço,94.0,300.0
L,2026-01-06,Almoço,98.0,228.0
L,2026-01-07,Almoço,149.0,244.0
L,2026-01-08,Almoço,96.0,216.66666666666666
L,2026-01-09,Almoço,85.0,262.00000000000006
L,2026-01-12,Almoço,164.0,256.0
L,2026-01-13,Almoço,124.0,389.0
L,2026-01-14,Almoço,141.0,284.0
L,2026-01-15,Almoço,156.0,238.0
L,2026-01-16,Almoço,115.0,302.5
L,2026-01-19,Almoço,133.0,213.33333333333334
L,2026-01-20,Almoço,105.0,210.0
L,2026-01-21,Almoço,161.0,266.0
L,2026-01-22,Almoço,106.0,276.25
L,2026-01-23,Almoço,89.0,233.33333333333334
L,2026-01-26,Almoço,93.0,240.0
L,2026-01-27,Almoço,70.0,240.0
L,2026-01-28,Almoço,114.0,238.0
L,2026-01-29,Almoço,83.0,239.0
L,2026-01-30,Almoço,54.0,239.0
L,2026-02-02,Almoço,46.0,236.0
L,2026-02-03,Almoço,47.0,122.00000000000001
L,2026-02-04,Almoço,54.0,146.66666666666666
L,2026-02-05,Almoço,45.0,128.125
L,2026-02-06,Almoço,49.0,110.62500000000003
L,2026-02-09,Almoço,37.0,110.0
L,2026-02-10,Almoço,44.0,106.0
L,2026-02-11,Almoço,53.0,106.0
L,2026-02-12,Almoço,40.0,103.75
L,2026-02-13,Almoço,38.0,83.07692307692308
L,2026-02-19,Almoço,33.0,83.07692307692308
L,2026-02-20,Almoço,47.0,83.07692307692308
L,2026-02-23,Almoço,70.0,74.61538461538461
L,2026-02-24,Almoço,56.0,128.8888888888889
L,2026-02-25,Almoço,50.0,116.0
L,2026-02-26,Almoço,59.0,103.75
L,2026-02-27,Almoço,43.0,79.23076923076923
L,2026-03-02,Almoço,154.0,262.30769230769226
L,2026-03-03,Almoço,185.0,530.0
L,2026-03-04,Almoço,154.0,190.76923076923077
L,2026-03-05,Almoço,159.0,233.33333333333334
L,2026-03-06,Almoço,144.0,215.3846153846154
L,2026-03-09,Almoço,229.0,223.07692307692307
L,2026-03-10,Almoço,243.0,313.3333333333333
L,2026-03-11,Almoço,216.0,160.0
L,2026-03-12,Almoço,208.0,276.6666666666667
L,2026-03-13,Almoço,161.0,217.69230769230768
L,2026-03-16,Almoço,229.0,190.76923076923077
L,2026-03-17,Almoço,236.0,183.33333333333334
L,2026-03-18,Almoço,208.0,233.33333333333334
L,2026-03-23,Almoço,229.0,195.0
L,2026-03-24,Almoço,244.0,663.3333333333334
L,2026-03-26,Almoço,232.0,268.57142857142856
L,2026-03-27,Almoço,183.0,210.7692307692308
L,2026-03-30,Almoço,225.0,257.6923076923077
L,2026-03-31,Almoço,224.0,204.28571428571428
L,2026-04-01,Almoço,214.0,239.99999999999997
L,2026-04-06,Almoço,212.0,246.15384615384616
L,2026-04-07,Almoço,237.0,204.28571428571428
L,2026-04-08,Almoço,246.0,239.99999999999997
L,2026-04-09,Almoço,215.0,239.99999999999997
L,2026-04-10,Almoço,204.0,246.92307692307688
L,2026-04-14,Almoço,195.0,236.66666666666669
L,2026-04-15,Almoço,243.0,199.99999999999997
L,2026-04-16,Almoço,213.0,300.0
L,2026-04-17,Almoço,173.0,238.46153846153848
L,2026-04-22,Almoço,229.0,239.99999999999997
L,2026-04-23,Almoço,227.0,200.0
L,2026-04-24,Almoço,195.0,199.99999999999997
L,2026-04-27,Almoço,165.0,239.99999999999997
L,2026-04-28,Almoço,206.0,240.0
L,2026-04-29,Almoço,192.0,239.99999999999997
L,2026-04-30,Almoço,187.0,277.77777777777777
L,2026-05-04,Almoço,190.0,216.66666666666666
L,2026-05-05,Almoço,200.0,270.0
L,2026-05-06,Almoço,235.0,410.0
L,2026-05-07,Almoço,194.0,300.0
L,2026-05-08,Almoço,175.0,213.33333333333334
L,2026-05-11,Almoço,214.0,203.33333333333337
L,2026-05-12,Almoço,209.0,282.50000000000006
L,2026-05-13,Almoço,230.0,204.66666666666669
L,2026-05-14,Almoço,188.0,234.0
L,2026-05-15,Almoço,165.0,327.5
L,2026-05-18,Almoço,182.0,203.33333333333337
L,2026-05-19,Almoço,215.0,308.0
L,2026-05-20,Almoço,230.0,181.66666666666669
L,2026-05-21,Almoço,203.0,179.99999999999997
L,2026-05-22,Almoço,197.0,206.15384615384616
L,2026-05-25,Almoço,199.0,201.66666666666666
L,2026-05-26,Almoço,228.0,345.99999999999994
L,2026-05-27,Almoço,235.0,206.66666666666666
L,2026-05-28,Almoço,206.0,287.99999999999994
L,2026-05-29,Almoço,195.0,225.99999999999997
L,2026-06-01,Almoço,191.0,222.3333333333333
L,2026-06-02,Almoço,217.0,191.66666666666663
L,2026-06-03,Almoço,240.0,182.66666666666666
L,2026-06-08,Almoço,225.0,186.00000000000003
L,2026-06-09,Almoço,210.0,262.0
L,2026-06-10,Almoço,184.0,138.33333333333331
L,2026-06-11,Almoço,214.0,216.66666666666666
L,2026-06-12,Almoço,198.0,195.00000000000003
L,2026-06-15,Almoço,171.0,196.00000000000003
L,2026-06-16,Almoço,191.0,262.0
L,2026-06-17,Almoço,180.0,158.33333333333334
L,2026-06-18,Almoço,217.0,219.16666666666666
L,2026-06-19,Almoço,144.0,272.00000000000006
L,2026-06-22,Almoço,195.0,196.00000000000003
L,2026-06-23,Almoço,248.0,270.99999999999994
L,2026-06-24,Almoço,213.0,196.0
L,2026-06-25,Almoço,212.0,458.33333333333337
L,2026-06-26,Almoço,186.0,199.99999999999997
L,2026-06-30,Almoço,201.0,219.0
L,2026-07-01,Almoço,178.0,199.99999999999997
L,2026-07-02,Almoço,155.0,189.16666666666666
L,2026-07-03,Almoço,145.0,204.99999999999997
L,2026-07-06,Almoço,126.0,177.1428571428571
L,2026-07-07,Almoço,163.0,170.0
L,2026-07-08,Almoço,150.0,199.99999999999997
L,2026-07-09,Almoço,119.0,210.0
L,2026-07-10,Almoço,110.0,191.66666666666663
L,2026-07-13,Almoço,97.0,130.83333333333334
L,2026-07-14,Almoço,81.0,288.0
L,2026-07-15,Almoço,58.0,107.5
L,2026-07-16,Almoço,65.0,142.0
L,2026-07-17,Almoço,43.0,196.0
L,2026-07-20,Almoço,47.0,141.66666666666666
L,2026-07-21,Almoço,63.0,163.0
L,2026-07-22,Almoço,62.0,72.0
L,2026-07-23,Almoço,39.0,72.33333333333334
L,2026-07-24,Almoço,33.0,278.00000000000006
L,2026-07-27,Almoço,45.0,132.99999999999997
L,2026-07-28,Almoço,52.0,86.66666666666666
L,2026-07-29,Almoço,61.0,73.66666666666667
L,2026-07-30,Almoço,64.0,85.83333333333331
L,2026-07-31,Almoço,38.0,186.0
L,2026-08-03,Almoço,60.0,664.0
L,2026-08-04,Almoço,67.0,90.83333333333331
L,2026-08-05,Almoço,66.0,95.0
L,2026-08-06,Almoço,53.0,95.0
L,2026-08-07,Almoço,48.0,146.0
L,2026-08-10,Almoço,139.0,277.99999999999994
L,2026-08-11,Almoço,179.0,193.33333333333334
L,2026-08-12,Almoço,166.0,209.0
L,2026-08-13,Almoço,168.0,259.5
L,2026-08-14,Almoço,127.0,500.0
L,2026-08-17,Almoço,211.0,143.33333333333334
L,2026-08-18,Almoço,194.0,362.0
L,2026-08-19,Almoço,199.0,133.33333333333334
L,2026-08-20,Almoço,182.0,204.16666666666666
L,2026-08-21,Almoço,147.0,570.0
L,2026-08-24,Almoço,172.0,234.0
L,2026-08-25,Almoço,188.0,334.5
L,2026-08-26,Almoço,174.0,228.0
L,2026-08-27,Almoço,146.0,262.5
L,2026-08-28,Almoço,130.0,458.3333333333333
L,2026-08-31,Almoço,166.0,236.0
L,2026-09-01,Almoço,191.0,160.83333333333334
L,2026-09-02,Almoço,,198.0
L,2026-09-03,Almoço,,
L,2026-09-04,Almoço,,
L,2026-09-07,Almoço,,
P1,2026-01-05,Almoço,1738.0,2096.0000000000005
P1,2026-01-05,Jantar,706.0,1667.0
P1,2026-01-06,Almoço,1868.0,3305.9999999999995
P1,2026-01-06,Jantar,898.0,1376.0
P1,2026-01-07,Almoço,1864.0,2200.0
P1,2026-01-07,Jantar,884.0,1872.0
P1,2026-01-08,Almoço,1891.0,52800.0
P1,2026-01-08,Jantar,889.0,1882.0
P1,2026-01-09,Almoço,1459.0,1772.0000000000002
P1,2026-01-09,Jantar,767.0,1450.0
P1,2026-01-12,Almoço,1803.0,1853.9999999999998
P1,2026-01-12,Jantar,833.0,1556.0
P1,2026-01-13,Almoço,1923.0,2997.777777777778
P1,2026-01-13,Jantar,859.0,798.2608695652175
P1,2026-01-14,Almoço,1857.0,2188.0
P1,2026-01-14,Jantar,812.0,1502.0
P1,2026-01-15,Almoço,1740.0,2274.7826086956525
P1,2026-01-15,Jantar,853.0,1121.9999999999998
P1,2026-01-16,Almoço,1474.0,1738.4615384615386
P1,2026-01-16,Jantar,811.0,948.0
P1,2026-01-19,Almoço,1607.0,1936.0000000000002
P1,2026-01-19,Jantar,725.0,1280.0
P1,2026-01-20,Almoço,1487.0,1694.0
P1,2026-01-20,Jantar,736.0,916.5217391304348
P1,2026-01-21,Almoço,1503.0,1542.0
P1,2026-01-21,Jantar,668.0,1223.9999999999998
P1,2026-01-22,Almoço,1229.0,1782.5
P1,2026-01-22,Jantar,605.0,1358.0
P1,2026-01-23,Almoço,1355.0,1706.25
P1,2026-01-23,Jantar,508.0,1084.0
P1,2026-01-26,Almoço,1259.0,1200.0
P1,2026-01-26,Jantar,394.0,908.75
P1,2026-01-27,Almoço,974.0,2180.0
P1,2026-01-27,Jantar,316.0,671.6666666666666
P1,2026-01-28,Almoço,1102.0,1326.0
P1,2026-01-28,Jantar,313.0,894.0
P1,2026-01-29,Almoço,954.0,1632.5
P1,2026-01-29,Jantar,319.0,696.0
P1,2026-01-30,Almoço,459.0,1148.0000000000002
P1,2026-01-30,Jantar,158.0,814.0
P1,2026-02-02,Almoço,521.0,904.0
P1,2026-02-02,Jantar,164.0,638.0000000000001
P1,2026-02-03,Almoço,576.0,1309.0
P1,2026-02-03,Jantar,171.0,391.6666666666667
P1,2026-02-04,Almoço,582.0,764.0
P1,2026-02-04,Jantar,128.0,720.0
P1,2026-02-05,Almoço,341.0,
P1,2026-02-05,Jantar,47.0,
P1,2026-02-06,Almoço,477.0,1254.0
P1,2026-02-06,Jantar,149.0,538.0
P1,2026-02-09,Almoço,540.0,764.0
P1,2026-02-09,Jantar,163.0,437.0
P1,2026-02-10,Almoço,556.0,926.25
P1,2026-02-10,Jantar,167.0,346.66666666666663
P1,2026-02-11,Almoço,537.0,820.0
P1,2026-02-11,Jantar,127.0,472.0
P1,2026-02-12,Almoço,467.0,686.0
P1,2026-02-12,Jantar,143.0,528.0
P1,2026-02-13,Almoço,336.0,876.0
P1,2026-02-13,Jantar,102.0,411.25
P1,2026-02-19,Almoço,354.0,608.0
P1,2026-02-19,Jantar,138.0,406.99999999999994
P1,2026-02-20,Almoço,316.0,918.75
P1,2026-02-20,Jantar,133.0,458.0
P1,2026-02-23,Almoço,537.0,666.9230769230769
P1,2026-02-23,Jantar,162.0,421.99999999999994
P1,2026-02-24,Almoço,577.0,1233.9999999999998
P1,2026-02-24,Jantar,170.0,430.0
P1,2026-02-25,Almoço,873.0,996.0000000000001
P1,2026-02-25,Jantar,154.0,504.00000000000006
P1,2026-02-26,Almoço,801.0,
P1,2026-02-26,Jantar,189.0,666.0000000000001
P1,2026-02-27,Almoço,848.0,
P1,2026-02-27,Jantar,164.0,492.0
P1,2026-03-02,Almoço,2070.0,2030.7692307692307
P1,2026-03-02,Jantar,861.0,1734.0
P1,2026-03-03,Almoço,2402.0,2989.0000000000005
P1,2026-03-03,Jantar,1043.0,1633.3333333333333
P1,2026-03-04,Almoço,2388.0,2064.375
P1,2026-03-04,Jantar,1100.0,1620.0
P1,2026-03-05,Almoço,2307.0,2667.826086956521
P1,2026-03-05,Jantar,1032.0,1428.0
P1,2026-03-06,Almoço,1832.0,2530.0
P1,2026-03-06,Jantar,860.0,1567.333333333333
P1,2026-03-09,Almoço,2732.0,2573.9999999999995
P1,2026-03-09,Jantar,1218.0,1635.0
P1,2026-03-10,Almoço,3021.0,4026.25
P1,2026-03-10,Jantar,1400.0,1451.6666666666667
P1,2026-03-11,Almoço,3039.0,2944.0
P1,2026-03-11,Jantar,1257.0,2733.3333333333335
P1,2026-03-12,Almoço,2960.0,3248.333333333333
P1,2026-03-12,Jantar,1294.0,1404.0
P1,2026-03-13,Almoço,2392.0,2938.0
P1,2026-03-13,Jantar,1080.0,1390.0000000000002
P1,2026-03-16,Almoço,2897.0,2806.0
P1,2026-03-16,Jantar,1309.0,1093.0000000000002
P1,2026-03-17,Almoço,3117.0,4202.0
P1,2026-03-17,Jantar,1383.0,1371.4285714285713
P1,2026-03-18,Almoço,2580.0,2754.0000000000005
P1,2026-03-18,Jantar,1026.0,1403.9999999999998
P1,2026-03-23,Almoço,3025.0,2906.153846153846
P1,2026-03-23,Jantar,1360.0,1355.0
P1,2026-03-24,Almoço,3076.0,4362.0
P1,2026-03-24,Jantar,1372.0,1835.0000000000005
P1,2026-03-26,Almoço,2921.0,3155.833333333334
P1,2026-03-26,Jantar,1300.0,1174.0
P1,2026-03-27,Almoço,2187.0,2751.538461538461
P1,2026-03-27,Jantar,844.0,1362.0
P1,2026-03-30,Almoço,2938.0,2735.9999999999995
P1,2026-03-30,Jantar,1255.0,1880.0
P1,2026-03-31,Almoço,3082.0,3784.0
P1,2026-03-31,Jantar,1313.0,1595.8333333333333
P1,2026-04-01,Almoço,2789.0,3174.0
P1,2026-04-01,Jantar,1067.0,1890.0
P1,2026-04-06,Almoço,2689.0,3426.0
P1,2026-04-06,Jantar,1172.0,1786.0000000000002
P1,2026-04-07,Almoço,2981.0,3723.75
P1,2026-04-07,Jantar,1322.0,1742.5000000000002
P1,2026-04-08,Almoço,2950.0,2947.9999999999995
P1,2026-04-08,Jantar,1241.0,1988.0
P1,2026-04-09,Almoço,2919.0,3484.1666666666665
P1,2026-04-09,Jantar,1250.0,1493.9999999999998
P1,2026-04-10,Almoço,2170.0,3514.0
P1,2026-04-10,Jantar,1279.0,1240.0000000000002
P1,2026-04-14,Almoço,2762.0,2666.6666666666665
P1,2026-04-14,Jantar,1256.0,1801.7391304347825
P1,2026-04-15,Almoço,2906.0,2616.6666666666665
P1,2026-04-15,Jantar,1107.0,1974.0
P1,2026-04-16,Almoço,2866.0,3303.3333333333335
P1,2026-04-16,Jantar,1189.0,1332.0
P1,2026-04-17,Almoço,2107.0,2066.2499999999995
P1,2026-04-17,Jantar,1215.0,1460.0
P1,2026-04-22,Almoço,2959.0,3132.0000000000005
P1,2026-04-22,Jantar,1155.0,1782.5
P1,2026-04-23,Almoço,2929.0,3627.4999999999995
P1,2026-04-23,Jantar,1251.0,2244.9999999999995
P1,2026-04-24,Almoço,2355.0,5486.0
P1,2026-04-24,Jantar,960.0,1430.0
P1,2026-04-27,Almoço,2772.0,3158.0000000000005
P1,2026-04-27,Jantar,1260.0,1990.0000000000002
P1,2026-04-28,Almoço,2951.0,3586.0
P1,2026-04-28,Jantar,1231.0,1615.8333333333333
P1,2026-04-29,Almoço,2861.0,2970.0
P1,2026-04-29,Jantar,1193.0,3626.25
P1,2026-04-30,Almoço,2479.0,4187.999999999999
P1,2026-04-30,Jantar,1144.0,1460.0
P1,2026-05-04,Almoço,2701.0,2530.769230769231
P1,2026-05-04,Jantar,1276.0,1428.0
P1,2026-05-05,Almoço,2918.0,4408.0
P1,2026-05-05,Jantar,1246.0,1497.5000000000002
P1,2026-05-06,Almoço,2914.0,3760.0
P1,2026-05-06,Jantar,1149.0,2076.0
P1,2026-05-07,Almoço,2763.0,3072.5
P1,2026-05-07,Jantar,1137.0,1785.0
P1,2026-05-08,Almoço,2077.0,2838.0
P1,2026-05-08,Jantar,915.0,2868.0
P1,2026-05-11,Almoço,2533.0,2913.3333333333326
P1,2026-05-11,Jantar,1073.0,2304.0000000000005
P1,2026-05-12,Almoço,2692.0,3305.0
P1,2026-05-12,Jantar,1156.0,2388.0
P1,2026-05-13,Almoço,2746.0,3452.0
P1,2026-05-13,Jantar,1127.0,2000.0
P1,2026-05-14,Almoço,2701.0,3173.333333333334
P1,2026-05-14,Jantar,1196.0,1530.0
P1,2026-05-15,Almoço,1970.0,2295.0
P1,2026-05-15,Jantar,1244.0,2790.0
P1,2026-05-18,Almoço,2496.0,2533.9999999999995
P1,2026-05-18,Jantar,1155.0,1680.0
P1,2026-05-19,Almoço,2685.0,3526.0
P1,2026-05-19,Jantar,1259.0,1841.6666666666667
P1,2026-05-20,Almoço,2820.0,3120.0
P1,2026-05-20,Jantar,1173.0,2142.0000000000005
P1,2026-05-21,Almoço,2670.0,2250.0
P1,2026-05-21,Jantar,1145.0,1650.0
P1,2026-05-22,Almoço,2094.0,3556.0
P1,2026-05-22,Jantar,1062.0,1340.0
P1,2026-05-25,Almoço,2562.0,2640.0000000000005
P1,2026-05-25,Jantar,1099.0,1293.0000000000002
P1,2026-05-26,Almoço,2664.0,7005.999999999999
P1,2026-05-26,Jantar,1371.0,1780.0
P1,2026-05-27,Almoço,2664.0,3622.0
P1,2026-05-27,Jantar,1191.0,1917.9999999999998
P1,2026-05-28,Almoço,2561.0,2873.076923076923
P1,2026-05-28,Jantar,1106.0,2098.9999999999995
P1,2026-05-29,Almoço,1861.0,2656.0
P1,2026-05-29,Jantar,898.0,1844.0000000000002
P1,2026-06-01,Almoço,2366.0,3104.0
P1,2026-06-01,Jantar,1217.0,1377.9999999999998
P1,2026-06-02,Almoço,2613.0,3724.0
P1,2026-06-02,Jantar,1108.0,2357.9999999999995
P1,2026-06-03,Almoço,2443.0,3262.0000000000005
P1,2026-06-03,Jantar,884.0,4752.0
P1,2026-06-08,Almoço,2333.0,2700.0
P1,2026-06-08,Jantar,943.0,2766.0
P1,2026-06-09,Almoço,2833.0,2960.0
P1,2026-06-09,Jantar,1174.0,1668.3333333333335
P1,2026-06-10,Almoço,3065.0,3334.0000000000005
P1,2026-06-10,Jantar,1156.0,1862.0
P1,2026-06-11,Almoço,3035.0,2628.3333333333335
P1,2026-06-11,Jantar,1078.0,2000.0
P1,2026-06-12,Almoço,2111.0,4295.999999999999
P1,2026-06-12,Jantar,716.0,1540.0
P1,2026-06-15,Almoço,2368.0,3057.6923076923076
P1,2026-06-15,Jantar,1105.0,1299.9999999999998
P1,2026-06-16,Almoço,2461.0,3365.9999999999995
P1,2026-06-16,Jantar,1129.0,1862.5
P1,2026-06-17,Almoço,2482.0,3124.0
P1,2026-06-17,Jantar,1083.0,2156.0000000000005
P1,2026-06-18,Almoço,2347.0,2622.0
P1,2026-06-18,Jantar,1047.0,1440.0
P1,2026-06-19,Almoço,1800.0,3920.0
P1,2026-06-19,Jantar,649.0,1440.0000000000002
P1,2026-06-22,Almoço,2223.0,2593.9999999999995
P1,2026-06-22,Jantar,948.0,1606.0
P1,2026-06-23,Almoço,2251.0,3817.0000000000005
P1,2026-06-23,Jantar,969.0,1707.4999999999998
P1,2026-06-24,Almoço,2157.0,3380.0
P1,2026-06-25,Almoço,2004.0,2616.666666666667
P1,2026-06-25,Jantar,877.0,1962.0000000000002
P1,2026-06-26,Almoço,1679.0,2208.0
P1,2026-06-26,Jantar,852.0,1515.5555555555557
P1,2026-06-30,Almoço,2015.0,3010.0
P1,2026-06-30,Jantar,884.0,1270.0
P1,2026-07-01,Almoço,1985.0,2382.0
P1,2026-07-01,Jantar,805.0,1400.0
P1,2026-07-02,Almoço,1899.0,2235.0
P1,2026-07-02,Jantar,729.0,1446.0
P1,2026-07-03,Almoço,1355.0,2832.0
P1,2026-07-03,Jantar,601.0,824.4444444444442
P1,2026-07-06,Almoço,1351.0,2640.0
P1,2026-07-06,Jantar,537.0,1953.9999999999998
P1,2026-07-07,Almoço,1723.0,2632.0
P1,2026-07-07,Jantar,506.0,1026.6666666666667
P1,2026-07-08,Almoço,1490.0,2026.0
P1,2026-07-08,Jantar,419.0,1690.0
P1,2026-07-09,Almoço,1155.0,1502.4999999999998
P1,2026-07-09,Jantar,327.0,1186.9999999999998
P1,2026-07-10,Almoço,1012.0,2162.0
P1,2026-07-10,Jantar,287.0,700.0
P1,2026-07-13,Almoço,820.0,1372.0
P1,2026-07-13,Jantar,216.0,942.5
P1,2026-07-14,Almoço,748.0,1604.0
P1,2026-07-14,Jantar,220.0,685.8333333333334
P1,2026-07-15,Almoço,515.0,991.9999999999999
P1,2026-07-15,Jantar,146.0,634.0000000000001
P1,2026-07-16,Almoço,469.0,951.0
P1,2026-07-16,Jantar,144.0,686.9999999999999
P1,2026-07-17,Almoço,124.0,816.0
P1,2026-07-17,Jantar,29.0,360.0
P1,2026-07-20,Almoço,383.0,770.0
P1,2026-07-20,Jantar,134.0,602.5
P1,2026-07-21,Almoço,351.0,1088.0
P1,2026-07-21,Jantar,112.0,408.3333333333333
P1,2026-07-22,Almoço,413.0,684.0
P1,2026-07-22,Jantar,129.0,500.0
P1,2026-07-23,Almoço,331.0,582.0
P1,2026-07-23,Jantar,110.0,585.9999999999999
P1,2026-07-24,Almoço,331.0,668.0000000000001
P1,2026-07-24,Jantar,111.0,384.00000000000006
P1,2026-07-27,Almoço,471.0,602.0
P1,2026-07-27,Jantar,162.0,302.22222222222223
P1,2026-07-28,Almoço,486.0,936.6666666666665
P1,2026-07-28,Jantar,147.0,298.00000000000006
P1,2026-07-29,Almoço,533.0,598.0
P1,2026-07-29,Jantar,144.0,494.00000000000006
P1,2026-07-30,Almoço,485.0,695.0
P1,2026-07-30,Jantar,143.0,420.0
P1,2026-07-31,Almoço,367.0,612.0
P1,2026-07-31,Jantar,120.0,331.1111111111111
P1,2026-08-03,Almoço,515.0,676.9230769230769
P1,2026-08-03,Jantar,153.0,528.0000000000001
P1,2026-08-04,Almoço,629.0,1076.0
P1,2026-08-04,Jantar,140.0,383.3333333333333
P1,2026-08-05,Almoço,654.0,780.0
P1,2026-08-05,Jantar,161.0,482.0
P1,2026-08-06,Almoço,558.0,852.0
P1,2026-08-06,Jantar,158.0,675.0
P1,2026-08-07,Almoço,519.0,838.0
P1,2026-08-07,Jantar,134.0,492.0
P1,2026-08-10,Almoço,2199.0,2807.9999999999995
P1,2026-08-10,Jantar,908.0,1496.0
P1,2026-08-11,Almoço,2294.0,2745.9999999999995
P1,2026-08-11,Jantar,919.0,1605.0
P1,2026-08-12,Almoço,2452.0,2927.9999999999995
P1,2026-08-12,Jantar,1000.0,1704.0
P1,2026-08-13,Almoço,24486.0,2797.777777777778
P1,2026-08-13,Jantar,938.0,1348.8888888888885
P1,2026-08-14,Almoço,1872.0,3044.0000000000005
P1,2026-08-14,Jantar,756.0,1808.235294117647
P1,2026-08-17,Almoço,2551.0,3306.0
P1,2026-08-17,Jantar,1130.0,2065.9999999999995
P1,2026-08-18,Almoço,2826.0,4387.0
P1,2026-08-18,Jantar,1285.0,1516.153846153846
P1,2026-08-19,Almoço,2766.0,2977.9999999999995
P1,2026-08-19,Jantar,1200.0,1812.0000000000002
P1,2026-08-20,Almoço,2666.0,2378.333333333334
P1,2026-08-20,Jantar,1121.0,1757.0
P1,2026-08-21,Almoço,2084.0,3288.0
P1,2026-08-21,Jantar,939.0,1478.0
P1,2026-08-24,Almoço,2673.0,3166.0
P1,2026-08-24,Jantar,1324.0,1961.2499999999995
P1,2026-08-25,Almoço,2724.0,4427.0
P1,2026-08-25,Jantar,1296.0,2248.3333333333335
P1,2026-08-26,Almoço,2750.0,3194.0
P1,2026-08-26,Jantar,1115.0,1946.0
P1,2026-08-27,Almoço,2700.0,2917.499999999999
P1,2026-08-27,Jantar,1201.0,2197.0
P1,2026-08-28,Almoço,1927.0,3500.0
P1,2026-08-28,Jantar,956.0,1506.6666666666667
P1,2026-08-31,Almoço,2653.0,3091.9999999999995
P1,2026-08-31,Jantar,1071.0,2393.9999999999995
P1,2026-09-01,Almoço,2730.0,5162.000000000001
P1,2026-09-01,Jantar,1175.0,2638.0
P1,2026-09-02,Almoço,2429.0,2633.3333333333335
P1,2026-09-02,Jantar,,
P1,2026-09-03,Almoço,,
P1,2026-09-03,Jantar,,
P2,2026-01-05,Almoço,1002.0,1376.0000000000002
P2,2026-01-05,Café,163.0,248.0
P2,2026-01-06,Almoço,1128.0,1602.0000000000002
P2,2026-01-06,Café,197.0,301.3333333333333
P2,2026-01-07,Almoço,1087.0,1484.0
P2,2026-01-07,Café,205.0,333.0508474576271
P2,2026-01-08,Almoço,1086.0,1273.0000000000002
P2,2026-01-08,Café,209.0,264.0
P2,2026-01-09,Almoço,886.0,946.0
P2,2026-01-09,Café,186.0,296.0
P2,2026-01-12,Almoço,1002.0,1251.9999999999998
P2,2026-01-12,Café,179.0,206.0
P2,2026-01-13,Almoço,1054.0,1264.0
P2,2026-01-13,Café,181.0,265.3333333333333
P2,2026-01-14,Almoço,1046.0,1020.0
P2,2026-01-14,Café,193.0,294.91525423728814
P2,2026-01-15,Almoço,994.0,1499.0
P2,2026-01-15,Café,170.0,268.0
P2,2026-01-16,Almoço,826.0,1032.0
P2,2026-01-16,Café,189.0,276.0
P2,2026-01-19,Almoço,857.0,1111.9999999999998
P2,2026-01-19,Café,180.0,200.0
P2,2026-01-20,Almoço,972.0,1090.0
P2,2026-01-20,Café,186.0,241.0
P2,2026-01-21,Almoço,922.0,904.0
P2,2026-01-21,Café,176.0,270.0
P2,2026-01-22,Almoço,812.0,1035.0
P2,2026-01-22,Café,151.0,236.0
P2,2026-01-23,Café,124.0,272.0
P2,2026-01-26,Café,92.0,160.0
P2,2026-01-27,Café,71.0,184.99999999999997
P2,2026-01-28,Café,87.0,197.99999999999997
P2,2026-01-29,Café,91.0,146.0
P2,2026-01-30,Café,80.0,156.0
P2,2026-02-02,Café,48.0,120.00000000000003
P2,2026-02-03,Café,59.0,119.0
P2,2026-02-04,Café,66.0,119.0
P2,2026-02-05,Café,56.0,500.0
P2,2026-02-06,Café,48.0,119.0
P2,2026-02-09,Café,48.0,119.0
P2,2026-02-10,Café,53.0,228.0
P2,2026-02-11,Café,67.0,160.0
P2,2026-02-12,Café,54.0,143.57142857142858
P2,2026-02-13,Café,55.0,155.0
P2,2026-02-19,Café,43.0,100.0
P2,2026-02-20,Café,54.0,95.0
P2,2026-02-23,Café,45.0,120.0
P2,2026-02-24,Café,60.0,110.0
P2,2026-02-25,Café,73.0,168.0
P2,2026-02-26,Café,67.0,100.0
P2,2026-02-27,Café,73.0,208.0
P2,2026-03-02,Almoço,1153.0,1140.0
P2,2026-03-02,Café,168.0,210.0
P2,2026-03-03,Almoço,1406.0,2015.9999999999998
P2,2026-03-03,Café,181.0,314.2857142857143
P2,2026-03-04,Almoço,1466.0,1636.0000000000002
P2,2026-03-04,Café,180.0,307.6271186440678
P2,2026-03-05,Almoço,1297.0,1477.9999999999998
P2,2026-03-05,Café,192.0,256.0
P2,2026-03-06,Almoço,1048.0,1718.0
P2,2026-03-06,Café,166.0,246.0
P2,2026-03-09,Almoço,1365.0,1623.9999999999998
P2,2026-03-09,Café,182.0,216.0
P2,2026-03-10,Almoço,1552.0,1317.0
P2,2026-03-10,Café,207.0,266.0
P2,2026-03-11,Almoço,1573.0,1658.0
P2,2026-03-11,Café,195.0,246.0
P2,2026-03-12,Almoço,1509.0,1333.3333333333333
P2,2026-03-12,Café,198.0,246.0
P2,2026-03-13,Almoço,1264.0,1448.0
P2,2026-03-13,Café,190.0,254.0
P2,2026-03-16,Almoço,1551.0,1400.0
P2,2026-03-16,Café,185.0,227.69230769230768
P2,2026-03-17,Almoço,1605.0,2351.9999999999995
P2,2026-03-17,Café,196.0,314.61538461538464
P2,2026-03-18,Almoço,1388.0,1736.0000000000002
P2,2026-03-18,Café,181.0,271.1864406779661
P2,2026-03-23,Almoço,1476.0,1566.1538461538462
P2,2026-03-23,Café,205.0,252.0
P2,2026-03-24,Almoço,1545.0,1869.9999999999998
P2,2026-03-24,Café,202.0,266.6666666666667
P2,2026-03-26,Almoço,1497.0,1702.0
P2,2026-03-26,Café,216.0,286.0
P2,2026-03-27,Almoço,1281.0,1322.0
P2,2026-03-27,Café,212.0,296.0
P2,2026-03-30,Almoço,1550.0,1502.0
P2,2026-03-30,Café,197.0,222.0
P2,2026-03-31,Almoço,1658.0,1662.0
P2,2026-03-31,Café,209.0,280.0
P2,2026-04-01,Almoço,1474.0,1673.9999999999998
P2,2026-04-01,Café,182.0,297.45762711864404
P2,2026-04-06,Almoço,1391.0,1400.0
P2,2026-04-06,Café,178.0,316.9230769230769
P2,2026-04-07,Almoço,1555.0,1378.0
P2,2026-04-07,Café,209.0,249.33333333333337
P2,2026-04-08,Almoço,1579.0,1652.4
P2,2026-04-08,Café,214.0,296.0
P2,2026-04-09,Almoço,1484.0,1764.7
P2,2026-04-09,Café,212.0,284.0
P2,2026-04-10,Almoço,1280.0,1604.4
P2,2026-04-10,Café,210.0,284.0
P2,2026-04-14,Almoço,1488.0,1673.9999999999998
P2,2026-04-14,Café,181.0,253.99999999999994
P2,2026-04-15,Almoço,1521.0,1662.0
P2,2026-04-15,Café,211.0,286.0
P2,2026-04-16,Almoço,1430.0,1753.7500000000002
P2,2026-04-16,Café,213.0,268.0
P2,2026-04-17,Almoço,1207.0,1244.1666666666667
P2,2026-04-17,Café,230.0,268.0
P2,2026-04-22,Almoço,1536.0,1362.6
P2,2026-04-22,Café,202.0,305.08474576271186
P2,2026-04-23,Almoço,1502.0,1775.0
P2,2026-04-23,Café,206.0,266.0
P2,2026-04-24,Almoço,1196.0,1488.0
P2,2026-04-24,Café,221.0,274.0
P2,2026-04-27,Almoço,1443.0,1468.0
P2,2026-04-27,Café,170.0,296.0
P2,2026-04-28,Almoço,1544.0,1952.5
P2,2026-04-28,Café,224.0,318.0
P2,2026-04-29,Almoço,1537.0,1498.4
P2,2026-04-29,Café,204.0,300.0
P2,2026-04-30,Almoço,1422.0,1554.5833333333333
P2,2026-04-30,Café,199.0,340.0
P2,2026-05-04,Almoço,1436.0,1333.3333333333333
P2,2026-05-04,Café,158.0,284.0
P2,2026-05-05,Almoço,1600.0,1711.0833333333333
P2,2026-05-05,Café,215.0,266.0
P2,2026-05-06,Almoço,1524.0,1488.0
P2,2026-05-06,Café,221.0,290.0
P2,2026-05-07,Almoço,1577.0,1495.0
P2,2026-05-07,Café,218.0,292.0
P2,2026-05-08,Almoço,1325.0,1380.0
P2,2026-05-08,Café,216.0,294.0
P2,2026-05-11,Almoço,1439.0,1333.3333333333333
P2,2026-05-11,Café,188.0,292.0
P2,2026-05-12,Almoço,1465.0,1570.0
P2,2026-05-12,Café,203.0,359.2857142857143
P2,2026-05-13,Almoço,1433.0,1568.0
P2,2026-05-13,Café,206.0,316.0
P2,2026-05-14,Almoço,1420.0,1377.25
P2,2026-05-14,Café,210.0,300.0
P2,2026-05-15,Almoço,1120.0,1302.0000000000002
P2,2026-05-15,Café,235.0,330.0
P2,2026-05-18,Almoço,1360.0,1300.0
P2,2026-05-18,Café,180.0,260.0
P2,2026-05-19,Almoço,1476.0,1333.3333333333333
P2,2026-05-19,Café,213.0,320.0
P2,2026-05-20,Almoço,1530.0,1333.3333333333333
P2,2026-05-20,Café,221.0,334.7457627118644
P2,2026-05-21,Almoço,1524.0,1494.9999999999998
P2,2026-05-21,Café,242.0,266.0
P2,2026-05-22,Almoço,1279.0,1535.0
P2,2026-05-22,Café,228.0,300.0
P2,2026-05-25,Almoço,1433.0,1266.6666666666667
P2,2026-05-25,Café,185.0,240.0
P2,2026-05-26,Almoço,1536.0,1564.5833333333333
P2,2026-05-26,Café,196.0,324.0
P2,2026-05-27,Almoço,1558.0,1542.0
P2,2026-05-27,Café,213.0,322.03389830508473
P2,2026-05-28,Almoço,1504.0,1473.0
P2,2026-05-28,Café,222.0,294.0
P2,2026-05-29,Almoço,1106.0,1270.0
P2,2026-05-29,Café,207.0,324.0
P2,2026-06-01,Almoço,1384.0,1266.6666666666667
P2,2026-06-01,Café,194.0,249.23076923076923
P2,2026-06-02,Almoço,1449.0,1428.7500000000002
P2,2026-06-02,Café,203.0,266.6666666666667
P2,2026-06-03,Almoço,1349.0,1583.9999999999998
P2,2026-06-03,Café,212.0,322.00000000000006
P2,2026-06-08,Almoço,1352.0,1333.3333333333333
P2,2026-06-08,Café,167.0,252.0
P2,2026-06-09,Almoço,1417.0,1500.0
P2,2026-06-09,Café,214.0,336.0
P2,2026-06-10,Almoço,1405.0,1333.3333333333333
P2,2026-06-10,Café,207.0,350.0
P2,2026-06-11,Almoço,1340.0,1532.5
P2,2026-06-11,Café,214.0,332.0
P2,2026-06-12,Almoço,1043.0,1375.0
P2,2026-06-12,Café,206.0,352.0
P2,2026-06-15,Almoço,1197.0,1424.0
P2,2026-06-15,Café,171.0,256.0
P2,2026-06-16,Almoço,1431.0,1333.3333333333333
P2,2026-06-16,Café,210.0,332.0
P2,2026-06-17,Almoço,1393.0,1776.0000000000002
P2,2026-06-17,Café,224.0,316.0
P2,2026-06-18,Almoço,1327.0,1310.0000000000002
P2,2026-06-18,Café,209.0,340.0
P2,2026-06-19,Almoço,1008.0,1256.0
P2,2026-06-19,Café,209.0,346.0
P2,2026-06-22,Almoço,1340.0,1300.0
P2,2026-06-22,Café,194.0,244.0
P2,2026-06-23,Almoço,1418.0,1591.6666666666667
P2,2026-06-23,Café,199.0,332.0
P2,2026-06-24,Almoço,1225.0,1310.0
P2,2026-06-24,Café,200.0,314.0
P2,2026-06-25,Almoço,1248.0,1399.1999999999998
P2,2026-06-25,Café,182.0,274.0
P2,2026-06-26,Almoço,961.0,1200.0
P2,2026-06-26,Café,203.0,306.0
P2,2026-06-30,Almoço,1175.0,1000.0
P2,2026-06-30,Café,174.0,336.0
P2,2026-07-01,Almoço,1110.0,1365.0
P2,2026-07-01,Café,184.0,296.6101694915254
P2,2026-07-02,Almoço,1073.0,1221.8
P2,2026-07-02,Café,190.0,278.0
P2,2026-07-03,Almoço,780.0,1090.0
P2,2026-07-03,Café,170.0,297.99999999999994
P2,2026-07-06,Almoço,752.0,1000.0
P2,2026-07-06,Café,110.0,236.0
P2,2026-07-07,Café,112.0,258.57142857142856
P2,2026-07-08,Café,93.0,284.0
P2,2026-07-09,Café,97.0,160.0
P2,2026-07-10,Café,83.0,220.0
P2,2026-07-13,Café,60.0,134.6153846153846
P2,2026-07-14,Café,48.0,197.33333333333334
P2,2026-07-15,Café,44.0,118.0
P2,2026-07-16,Café,43.0,81.42857142857143
P2,2026-07-17,Café,35.0,180.0
P2,2026-07-20,Café,30.0,100.0
P2,2026-07-21,Café,38.0,84.0
P2,2026-07-22,Café,43.0,134.0
P2,2026-07-23,Café,46.0,80.0
P2,2026-07-24,Café,36.0,126.0
P2,2026-07-27,Café,37.0,80.0
P2,2026-07-28,Café,44.0,160.0
P2,2026-07-29,Café,46.0,96.0
P2,2026-07-30,Café,46.0,80.0
P2,2026-07-31,Café,47.0,168.0
P2,2026-08-03,Café,36.0,80.0
P2,2026-08-04,Café,57.0,140.0
P2,2026-08-05,Café,53.0,192.00000000000003
P2,2026-08-06,Café,52.0,91.52542372881356
P2,2026-08-07,Café,61.0,104.0
P2,2026-08-10,Almoço,1058.0,1220.0
P2,2026-08-10,Café,133.0,256.0
P2,2026-08-11,Almoço,1198.0,1265.0
P2,2026-08-11,Café,185.0,323.99999999999994
P2,2026-08-12,Almoço,1335.0,1330.0
P2,2026-08-12,Café,186.0,288.135593220339
P2,2026-08-13,Almoço,1253.0,1303.8
P2,2026-08-13,Café,181.0,285.7142857142857
P2,2026-08-14,Almoço,929.0,1168.0000000000002
P2,2026-08-14,Café,179.0,310.0
P2,2026-08-17,Almoço,1345.0,1260.0
P2,2026-08-17,Café,179.0,243.07692307692304
P2,2026-08-18,Almoço,1459.0,1666.6666666666667
P2,2026-08-18,Café,197.0,280.0
P2,2026-08-19,Almoço,1529.0,1464.0
P2,2026-08-19,Café,188.0,278.81355932203394
P2,2026-08-20,Almoço,1403.0,1333.3333333333333
P2,2026-08-20,Café,203.0,322.88135593220335
P2,2026-08-21,Almoço,1045.0,1595.0
P2,2026-08-21,Café,203.0,286.0
P2,2026-08-24,Almoço,1385.0,1377.2
P2,2026-08-24,Café,187.0,298.46153846153845
P2,2026-08-25,Almoço,1512.0,1826.9166666666667
P2,2026-08-25,Café,222.0,328.0
P2,2026-08-26,Almoço,1542.0,1893.5999999999997
P2,2026-08-26,Café,221.0,303.3898305084746
P2,2026-08-27,Almoço,1497.0,1510.0000000000002
P2,2026-08-27,Café,194.0,307.14285714285717
P2,2026-08-28,Almoço,1057.0,1151.9999999999998
P2,2026-08-28,Café,202.0,258.0
P2,2026-08-31,Almoço,1320.0,1266.6666666666667
P2,2026-08-31,Café,195.0,234.61538461538464
P2,2026-09-01,Almoço,1367.0,1612.5
P2,2026-09-01,Café,227.0,336.0
P2,2026-09-02,Almoço,,1422.0
P2,2026-09-02,Café,214.0,308.0
PO,2026-01-05,Almoço,388.0,1031.6666666666665
PO,2026-01-06,Almoço,394.0,1130.0000000000002
PO,2026-01-07,Almoço,397.0,723.3333333333335
PO,2026-01-08,Almoço,445.0,873.0000000000001
PO,2026-01-09,Almoço,369.0,548.0
PO,2026-01-12,Almoço,440.0,615.0000000000001
PO,2026-01-13,Almoço,427.0,646.0000000000001
PO,2026-01-14,Almoço,397.0,605.9999999999999
PO,2026-01-15,Almoço,350.0,889.0
PO,2026-01-16,Almoço,315.0,592.0
PO,2026-01-19,Almoço,257.0,598.0000000000001
PO,2026-01-20,Almoço,265.0,585.9999999999999
PO,2026-01-21,Almoço,242.0,558.0000000000001
PO,2026-01-22,Almoço,215.0,500.00000000000017
PO,2026-01-23,Almoço,205.0,468.0
PO,2026-01-26,Almoço,142.0,411.6666666666667
PO,2026-01-27,Almoço,108.0,420.0
PO,2026-01-28,Almoço,144.0,309.99999999999994
PO,2026-01-29,Almoço,111.0,287.99999999999994
PO,2026-01-30,Almoço,78.0,276.0
PO,2026-02-02,Almoço,78.0,247.99999999999997
PO,2026-02-03,Almoço,97.0,245.00000000000003
PO,2026-02-04,Almoço,111.0,150.0
PO,2026-02-05,Almoço,78.0,151.00000000000003
PO,2026-02-06,Almoço,91.0,252.00000000000003
PO,2026-02-09,Almoço,148.0,383.3333333333333
PO,2026-02-10,Almoço,161.0,288.00000000000006
PO,2026-02-11,Almoço,94.0,208.33333333333331
PO,2026-02-12,Almoço,82.0,226.66666666666666
PO,2026-02-13,Almoço,59.0,207.99999999999997
PO,2026-02-19,Almoço,71.0,233.33333333333331
PO,2026-02-20,Almoço,85.0,210.0
PO,2026-02-23,Almoço,265.0,581.9999999999999
PO,2026-02-24,Almoço,236.0,638.0
PO,2026-02-25,Almoço,258.0,330.66666666666663
PO,2026-02-26,Almoço,258.0,482.0
PO,2026-02-27,Almoço,169.0,546.0000000000001
PO,2026-03-02,Almoço,863.0,1180.0000000000002
PO,2026-03-03,Almoço,847.0,1513.333333333333
PO,2026-03-04,Almoço,932.0,1166.6666666666665
PO,2026-03-05,Almoço,788.0,1321.0000000000002
PO,2026-03-06,Almoço,546.0,928.0000000000001
PO,2026-03-09,Almoço,922.0,1398.0
PO,2026-03-10,Almoço,932.0,1543.9999999999998
PO,2026-03-11,Almoço,942.0,1251.9999999999998
PO,2026-03-12,Almoço,859.0,1462.0000000000007
PO,2026-03-13,Almoço,756.0,982.0000000000001
PO,2026-03-16,Almoço,905.0,968.0000000000001
PO,2026-03-17,Almoço,902.0,1226.0
PO,2026-03-18,Almoço,794.0,1000.0
PO,2026-03-23,Almoço,894.0,904.9999999999999
PO,2026-03-24,Almoço,898.0,1284.0
PO,2026-03-26,Almoço,858.0,1289.0
PO,2026-03-27,Almoço,761.0,978.0000000000001
PO,2026-03-30,Almoço,919.0,966.0
PO,2026-03-31,Almoço,917.0,1227.9999999999998
PO,2026-04-01,Almoço,866.0,998.0000000000001
PO,2026-04-06,Almoço,795.0,966.6666666666665
PO,2026-04-07,Almoço,870.0,1302.9999999999998
PO,2026-04-08,Almoço,921.0,916.0000000000001
PO,2026-04-09,Almoço,852.0,1351.0
PO,2026-04-10,Almoço,720.0,1006.0
PO,2026-04-14,Almoço,830.0,1326.0
PO,2026-04-15,Almoço,900.0,1383.9999999999998
PO,2026-04-16,Almoço,852.0,1448.3333333333333
PO,2026-04-17,Almoço,612.0,1081.4285714285713
PO,2026-04-22,Almoço,736.0,1010.0
PO,2026-04-23,Almoço,689.0,1391.0
PO,2026-04-24,Almoço,569.0,990.0
PO,2026-04-27,Almoço,786.0,933.3333333333333
PO,2026-04-28,Almoço,845.0,1321.0
PO,2026-04-29,Almoço,910.0,1287.9999999999998
PO,2026-04-30,Almoço,732.0,1321.0000000000002
PO,2026-05-04,Almoço,843.0,986.0
PO,2026-05-05,Almoço,887.0,1312.0000000000002
PO,2026-05-06,Almoço,860.0,1264.0
PO,2026-05-07,Almoço,870.0,1280.0
PO,2026-05-08,Almoço,688.0,903.0000000000001
PO,2026-05-11,Almoço,844.0,984.0
PO,2026-05-12,Almoço,855.0,1248.0000000000002
PO,2026-05-13,Almoço,935.0,982.0000000000001
PO,2026-05-14,Almoço,733.0,1307.9999999999998
PO,2026-05-15,Almoço,628.0,1019.0
PO,2026-05-18,Almoço,816.0,978.0000000000001
PO,2026-05-19,Almoço,874.0,1317.0
PO,2026-05-20,Almoço,839.0,1234.0
PO,2026-05-21,Almoço,861.0,1154.9999999999998
PO,2026-05-22,Almoço,661.0,950.0
PO,2026-05-25,Almoço,979.0,1000.0000000000003
PO,2026-05-26,Almoço,808.0,1303.0000000000002
PO,2026-05-27,Almoço,864.0,1232.0000000000002
PO,2026-05-28,Almoço,817.0,1335.0
PO,2026-05-29,Almoço,623.0,984.0
PO,2026-06-01,Almoço,769.0,839.9999999999999
PO,2026-06-02,Almoço,794.0,1063.0000000000002
PO,2026-06-03,Almoço,737.0,970.0
PO,2026-06-08,Almoço,741.0,901.9999999999999
PO,2026-06-09,Almoço,737.0,1095.0
PO,2026-06-10,Almoço,793.0,942.0000000000001
PO,2026-06-11,Almoço,762.0,1173.0000000000002
PO,2026-06-12,Almoço,641.0,1383.3333333333333
PO,2026-06-15,Almoço,722.0,980.0
PO,2026-06-16,Almoço,620.0,1107.0000000000002
PO,2026-06-17,Almoço,690.0,966.0
PO,2026-06-18,Almoço,689.0,1166.0
PO,2026-06-19,Almoço,553.0,936.0
PO,2026-06-22,Almoço,566.0,948.0000000000001
PO,2026-06-23,Almoço,519.0,872.0
PO,2026-06-24,Almoço,491.0,676.6666666666665
PO,2026-06-25,Almoço,533.0,826.0
PO,2026-06-26,Almoço,460.0,521.875
PO,2026-06-30,Almoço,454.0,624.0000000000001
PO,2026-07-01,Almoço,331.0,612.0
PO,2026-07-02,Almoço,394.0,784.0
PO,2026-07-03,Almoço,326.0,658.3333333333333
PO,2026-07-06,Almoço,221.0,576.0000000000001
PO,2026-07-07,Almoço,219.0,618.0000000000001
PO,2026-07-08,Almoço,160.0,576.0000000000001
PO,2026-07-09,Almoço,168.0,317.00000000000006
PO,2026-07-10,Almoço,151.0,604.0
PO,2026-07-13,Almoço,113.0,282.00000000000006
PO,2026-07-14,Almoço,112.0,360.0
PO,2026-07-15,Almoço,88.0,300.0
PO,2026-07-16,Almoço,78.0,245.0
PO,2026-07-17,Almoço,67.0,262.00000000000006
PO,2026-07-20,Almoço,71.0,256.0
PO,2026-07-21,Almoço,74.0,320.0
PO,2026-07-22,Almoço,76.0,176.0
PO,2026-07-23,Almoço,60.0,152.0
PO,2026-07-24,Almoço,66.0,147.99999999999997
PO,2026-07-27,Almoço,113.0,251.66666666666666
PO,2026-07-28,Almoço,96.0,238.0
PO,2026-07-29,Almoço,114.0,294.0
PO,2026-07-30,Almoço,111.0,326.0
PO,2026-07-31,Almoço,78.0,312.00000000000006
PO,2026-08-03,Almoço,275.0,534.0000000000001
PO,2026-08-04,Almoço,202.0,435.0
PO,2026-08-05,Almoço,295.0,444.00000000000006
PO,2026-08-06,Almoço,276.0,523.0
PO,2026-08-07,Almoço,206.0,492.99999999999994
PO,2026-08-10,Almoço,950.0,1412.0
PO,2026-08-11,Almoço,795.0,1288.0000000000002
PO,2026-08-12,Almoço,874.0,996.0
PO,2026-08-13,Almoço,840.0,1289.9999999999998
PO,2026-08-14,Almoço,540.0,992.0000000000001
PO,2026-08-17,Almoço,967.0,947.8571428571431
PO,2026-08-18,Almoço,936.0,1251.0000000000002
PO,2026-08-19,Almoço,1022.0,1020.0
PO,2026-08-20,Almoço,922.0,1372.0
PO,2026-08-21,Almoço,693.0,1006.0
PO,2026-08-24,Almoço,916.0,1103.3333333333333
PO,2026-08-25,Almoço,887.0,1320.0
PO,2026-08-26,Almoço,877.0,1120.0
PO,2026-08-27,Almoço,837.0,1126.9999999999998
PO,2026-08-28,Almoço,674.0,1038.0000000000002
PO,2026-08-31,Almoço,908.0,1024.0
PO,2026-09-01,Almoço,827.0,1325.0000000000002
PO,2026-09-02,Almoço,,987.9999999999999
PO,2026-09-03,Almoço,,
PO,2026-09-04,Almoço,,
